user,tanggal,bahasa,isi
1090833999562305536,2022-03-20 23:58:59+00:00,in,RT Ada yg posting Anies datang ga ke Mandalika disertai kalimat ngenye Lalu dijwb dgn video ini Lalu mrk masih juga me
1327499788045017088,2022-03-20 23:58:59+00:00,in,RT inilah Indonesia ragam budaya dan doa mohon pada Tuhan untuk redakan hujan Mandalika motor GP Nyatanya hujan reda d
579007892,2022-03-20 23:58:59+00:00,in,RT Penonton MotoGP Mandalika doakan Anies Presiden Anies AniesBaswedan
875628566,2022-03-20 23:58:58+00:00,in,RT dong Mau efektif mau enggak Acara akbar balapan sudah berjalan dengan suksesnya Pengguna Pawang
1394205054932983814,2022-03-20 23:58:58+00:00,in,RT Asmara1701 Mandalika 20 Maret 2022 Permisi Capres RI Anies Baswedan numpang lewat
1344940142541172736,2022-03-20 23:58:57+00:00,in,Salut utk Bpk Sandiaga Uno bersedia berjuang membangun negeri bersama Bpk Jokowi smg UMKM dapat mensejahterakan masyarakat
1347931247570415617,2022-03-20 23:58:57+00:00,in,RT para rider Moto GP terpantau melewati jalan pintas di Sirkuit Mandalika
1218582572067778560,2022-03-20 23:58:55+00:00,in,gw heran dikit dikaitkan dengan politik kya udah pada bener aja kita dukung aja motogp formula E apapun itu ivent internasional
1341158475053686786,2022-03-20 23:58:54+00:00,in,gambar hanya pemanis belaka qotd ltnnukotamadiun nutvkotamadiun nukotamadiun mandalika pcnukotamadiun ibnuathoillah pawanghujan radenraraistiatiwulandari nu nahdlatululama motogpmandalika syaban mandalikacircuit localwisdom roadtoramadhan senin MondayMotivation
875628566,2022-03-20 23:58:53+00:00,in,dong Mau efektif mau enggak Acara akbar balapan sudah berjalan dengan suksesnya Pengguna Pawang Puas Rara mendunia Kearifan lokal bukan hanya masalah untung rugi Budaya ada pada rasa nikmati saja pertunjukannya Bravo Mandalika Bravo Rara
313830986,2022-03-20 23:58:53+00:00,in,Ojo ngenyek mas bro
1493641504031928322,2022-03-20 23:58:51+00:00,in,RT Spt biasa tugas sy hanya merespon dari twitt2 dungu yg mereka sebarkan Dan selalunya gue jawab dgn fakra Penyambutan
1121449436,2022-03-20 23:58:51+00:00,in,RT Selesai sudah balapan MotoGP 2022 di Sirkuit Mandalika Ada banyak yang bisa diingat dan diceritakan para pembalap panitia sa
1287285835323158529,2022-03-20 23:58:51+00:00,in,RT Semula Mencibir Kini Terpana dgn Kesaktian Pawang Hujan MotoGPMandalika Sesaat kemudian setelah pawang melaukan ritual
1083576418229866498,2022-03-20 23:58:51+00:00,in,Pas pentase kan ogak
3254804335,2022-03-20 23:58:50+00:00,in,RT Marques akan pulang ke negara nya dan akan menjadi berita karena kualitas arena mandalika yg not sop semakin banyak accide
1309291831486607365,2022-03-20 23:58:50+00:00,in,RT Lagu Indonesia Raya berkumandang di Sirkuit Mandalika IndonesianGP
17128975,2022-03-20 23:58:49+00:00,in,Orangnya Sudah Pensiun Toko Rossi Tetap Laku di MotoGP Mandalika
1376480957679591428,2022-03-20 23:58:49+00:00,in,RT Gubernur DKI Anies Baswedan menjadi rebutan selfie pengunjung selepas menonton pertandingan MotoGP Mandalika Bahkan pengunj
712636946065936384,2022-03-20 23:58:49+00:00,en,RT MotoGP RACE moliveira88 IS THE MAN IN MANDALIKA IndonesianGP
1274945132,2022-03-20 23:58:48+00:00,in,Allah Maha Besar Di Mandalika Allah menunjukkan kuasanya Mengabulkan doa dengan cara yang tidak kamu percaya Ternyata Allah tidak hanya mengabulkan doa kaummu saja
1219864518412496896,2022-03-20 23:58:47+00:00,in,RT Miguel Oliviera usai dapat podium di MotoGP Mandalika Saya berikan trofi ini untuk anak perempuan saya saya berjanj
1179980327793516544,2022-03-20 23:58:45+00:00,in,RT Salah satu fungsi kendi bisa buat cuci tangan sang Ahlul Kendi Demikian Heru Budi Hartono menegaskan kehadiran
1491438677674717186,2022-03-20 23:58:45+00:00,in,RT Motogp mandalika sukses digelar
712636946065936384,2022-03-20 23:58:45+00:00,en,RT AWESOME from moliveira88 A wet weather Mandalika masterclass from Miguel IndonesianGP
376765701,2022-03-20 23:58:43+00:00,en,RT 73 When we say only the best for the best we really mean it Big shout out to and for their tec
87893257,2022-03-20 23:58:43+00:00,in,RT Gua ngeliat ini bukan ke konteks bener salah nya sih Tapi kalo hal ginian diliput media internasional sih jadi kayak
76594745,2022-03-20 23:58:42+00:00,in,RT Terima kasih banyak buat semua GPmania yg udah nonton IndonesianGP di TRANS7 Sekalian gue mau bikin thread tentang man
68667468,2022-03-20 23:58:42+00:00,in,Habis MotoGP terbitlah meme
1287725583909023751,2022-03-20 23:58:42+00:00,in,RT Hari ini di Mandalika Allah menunjukkan kuasanya Memberikan pelajaran berharga bagi org2 yg masih percaya klenik dsj Indone
874089834997989376,2022-03-20 23:58:42+00:00,in,lihat aj emoticon ny
1281574547938963457,2022-03-20 23:58:42+00:00,in,RT Namanya Rara Isti Wulandari Mbak Rara inilah yang saat ini sedang viral gara gara keterlibatannya di event MotoGP Mand
168997607,2022-03-20 23:58:40+00:00,in,RT Venue 25th lalu di Sentul skrg di mandalika Dulu gak ada pandemi skrg pandemi Memang banyak yg terkesan diburu buru
49383672,2022-03-20 23:58:38+00:00,in,Tahun depan minta bangun jalur kereta api pak gub Biar ga macet je Mandalika
1179765583367135232,2022-03-20 23:58:37+00:00,in,gak usah ribut anggep dagelan pagi ini
160077611,2022-03-20 23:58:36+00:00,en,That s our local rain shaman tradition and believe it or not it works U go Mba Rara
42896318,2022-03-20 23:58:35+00:00,und,
394547483,2022-03-20 23:58:34+00:00,in,Sebenernya pawang ujan mandalika bukan buat mengusir ujan cuma buat liatin budaya aja gak sih wkwkwk Indonesia pride
1484668600782934025,2022-03-20 23:58:34+00:00,in,Orang bule Matanya hny malotot dan mulutnya mengganga melihat PAWANG HUJAN INI MENGHARDIK DAN MNGSIR HUJAN DARI MANDA IKA Momnt ini sangat Especial KARENA MNJKN KEPADA SLRH DUNIA BHW ADAT DAN KEBUDAYAAN INDONESIA SGT KENTAL HINGGA ALAMPUN DISURUH MENGIKUTI KEINGINNYA LUAR BIASA
1326395889548668928,2022-03-20 23:58:33+00:00,in,RT Gubernur Indonesia Anus busedan berkunjung ke sirkuit Formula E Tapi bohong Beliau adalah Presiden kebanggaan RI pakd
1459056948662308865,2022-03-20 23:58:32+00:00,in,RT waras Pawang MottoGP Mandalika Adalah Sebuah Kearifan Lokal yang jadi Bahan Lelucon dan Tertawaan Dunia Interlokal
425473339,2022-03-20 23:58:31+00:00,en,Oh god I almost died laughing Go see motogp if you re ant real motsport No pitstops everyone on a bike that could win ans actual overtaking
330143224,2022-03-20 23:58:29+00:00,in,RT post Misteri dibalik tikungan 13 Mandalika Yg membuat marquez amp alex rins peserta MotoGP glangsar
1182582278,2022-03-20 23:58:28+00:00,in,kwkwkw
1466850188190908418,2022-03-20 23:58:27+00:00,in,MotoGP 2022 Mandalika sukses Kesempatan kuatkan brand pariwisata Indonesia DenganETMerdekaBerdaulat
1346658553612828672,2022-03-20 23:58:26+00:00,in,RT Menjelang puncak balapan MotoGP 2022 di Sirkuit Mandalika sesaat lagi
1259359767681613824,2022-03-20 23:58:25+00:00,in,RT Ketika langit sedang gelap dan hujan sedang turun lebat Pawang Hujan ini seketika sukses membuat matahari keluar dan dunia
975892009775804417,2022-03-20 23:58:24+00:00,in,Akhirnya Dunia tahu Indonesia punya Pawang hujan Mungkin Dunia jg bertanya tanya Apakah Indonesia juga punya pawang PERANG
560123820,2022-03-20 23:58:21+00:00,in,RT MotoGP Mandalika menjawab pertanyaan Ibu Megawati bahwa ga seMUa Ibu Ibu di Indonesia itu kerjaannya cuma menggoreng ada j
1315537174272507905,2022-03-20 23:58:21+00:00,in,RT Zahrany1 Anies Baswedan Dikerubuti Usai Bubaran MotoGP Mandalika WOW Wajarlah next president gitu loh
17666340,2022-03-20 23:58:20+00:00,in,Momen Bangga Oliveira Persembahkan Juara MotoGP Mandalika untuk Risman Dari semua berita selama MotoGP Mandalika berita ini cocok nih jadi gong buat pemerintah amp panitia penyelenggara Gol buat dorong pariwisata di Lombok langsung divalidasi juaranya
1008157689258565632,2022-03-20 23:58:19+00:00,in,RT sauya Tak pelak lagi gelaran MotoGP Mandalika berdampak positif bagi sektor pariwisata maupun pelaku UMKM di Lombok amp sekitarnya
826406674239877121,2022-03-20 23:58:19+00:00,in,RT indo Meskipun masih banyak kekurangan dan dengan cuaca ekstrim Indonesia bisa dibilang sukses dalam penyelenggaraan MotoGP di
160799245,2022-03-20 23:58:18+00:00,in,gamau ngetawain pawang hujan gp mandalika soalnya gaji dia 21 hari lebih gede dibanding gajiku setahun
86039670,2022-03-20 23:58:17+00:00,ca,RT Anyone wants a souvenir from the IndonesianGP Pieces of asphalt from the track Alguien quiere un souvenir de Mandalik
1313302763472781313,2022-03-20 23:58:17+00:00,in,RT Terlepas dari bbrp kekurangan sebagai warga Indonesia gw tetep bangga bahwa negara kita sudah bisa menyelenggarakan Moto
1028798073302999040,2022-03-20 23:58:16+00:00,in,Setuju aspal ulang total biar menyatu satu full track biar ga belang juga juga untuk image mandalika jangka panjang syukur2 lebih dari 10tahun kontrak nya nanti
1110657467506032640,2022-03-20 23:58:16+00:00,in,fyp sy motogp semua
2905814730,2022-03-20 23:58:15+00:00,in,Terkuak Ternyata ada Tangan Dingin Gubernur PKS Dibalik Kesuksesan Ajang WSBK MottoGP Mandalika
22885047,2022-03-20 23:58:13+00:00,in,Petir bukan sembarang petir Petir menyambar race mandalika Assalaumalaikum kakak
1322420810766708736,2022-03-20 23:58:09+00:00,in,Nunggu Pawan hujan nyelesain tugas nya
1058476037573492736,2022-03-20 23:58:08+00:00,in,Rara Dukun Motogp
1118170159619776513,2022-03-20 23:58:06+00:00,in,Seharusnya Mba Rara sang pawang hujan sirkuit mandalika di undang ke Santiago Bernab u Agar tidak terjadi hujan gol ViscaBarca ViscaCatalunya ElClasico WeAreBack
259769630,2022-03-20 23:58:06+00:00,in,Haters bilang ini editan
369974267,2022-03-20 23:58:06+00:00,in,Bisa jadi ini adu pawang Ada orang yg tidak senang Mandalika sukses maka mereka mendatangkan hujan lalu Panitia menghentikannya dengan mendatangkan pawang hujan Adu Ilmu
771662663466094592,2022-03-20 23:58:05+00:00,in,Kok gak ada berita gregetnya ya Om Suksesnya Gelaran MotoGP Mandalika diikuti Matinya Kadrun secara berjamaah cuma Kadrun stres semua
860198295905345536,2022-03-20 23:58:05+00:00,in,Prov Neh buktinya tolol Awas siap kejang
1379834033018871812,2022-03-20 23:58:04+00:00,in,RT Padahal ya penontonnya happy rider nya happy Dorna happy masyarakat Lombok yg punya bisnis hospitality juga kebanjiran
18129942,2022-03-20 23:58:03+00:00,in,Terpopuler Bisnis Progres Investasi Abu Dhabi di IKN Bomber Jaket di MotoGP TempoBisnis
1480426961088311299,2022-03-20 23:58:02+00:00,in,Baru kali ini liat pawang hujan atraktif bgt biasanya kerja dibelakang Bentar lagi diundang podcast nih
1260934971335688193,2022-03-20 23:58:01+00:00,in,Marshal bottle flip sih wkwkwk
1074381833817616384,2022-03-20 23:57:59+00:00,en,RT Sunday in Indonesia indonesia lombok mandalika
1492355978,2022-03-20 23:57:58+00:00,in,RT Yang dilakukan Ibu Rara pawang hujan sirkuit Mandalika bukanlah aksi yang memalukan Terlepas dari berbagai respon ne
1384934885605875720,2022-03-20 23:57:58+00:00,tl,Mabok kendi mandalika tong
1303593561363894272,2022-03-20 23:57:56+00:00,in,RT MOTOGP 2022 MANDALIKA Pak turut hadir menyaksikan gelaran event para pembalap 2022 di Sirkuit
874089834997989376,2022-03-20 23:57:54+00:00,da,mantabbbs kerenneditan ny mak
717147183049342978,2022-03-20 23:57:54+00:00,es,Que desgraciao ese fq
81029918,2022-03-20 23:57:54+00:00,in,RT Pendapatku mengenai Pawang Hujan emak emak di MotoGP Mandalika Memalukan Engga juga For me it s a MARKETING thing Th
1391738350948655106,2022-03-20 23:57:52+00:00,en,8 Nature behaviour is always suprising If you ask me to explain you re nonsense Rain comes and goes anytime during the season is a sure thing
1183886600784117760,2022-03-20 23:57:51+00:00,in,KTM sebelum menang gp mandalika
543346586,2022-03-20 23:57:51+00:00,in,RT Sirkuit Mandalika menjadi tuan rumah ajang balap motor MotoGP 2022 Menteri BUMN mengeklaim event tsb berhas
1305527664875241472,2022-03-20 23:57:50+00:00,in,ada yg sudah ngopi ada yg sudah menikmati sarapan pagi ada yg sudah dandan rapih ada yg lagi menghirup udara segar di atas gunung atau pantai ada yg menikmati waktu nonton GP mandalika ada yg lagi ketawa ketiwi ada yang lagi ada yang lagi tak akan habis untuk dihitung
584620776,2022-03-20 23:57:50+00:00,in,RT Yg tersisa di Mandalika Para penonton kecewa Terutama yang berasal dari luar daerah lantaran bus yg mengangkut mereka ta
